{
  "loss": [
    0.007235694210976362,
    0.0061709401197731495,
    0.005970458034425974,
    0.005819953978061676,
    0.005732398480176926,
    0.005608818959444761,
    0.005579108837991953,
    0.005515566095709801,
    0.005465575959533453,
    0.005399903282523155,
    0.00535845011472702,
    0.0052932752296328545,
    0.005271214991807938,
    0.00521852308884263,
    0.005024544429033995,
    0.004900115542113781,
    0.0048171584494411945,
    0.004820631816983223
  ],
  "mae": [
    0.08673719316720963,
    0.07978896051645279,
    0.078181691467762,
    0.07693064212799072,
    0.07622766494750977,
    0.07524489611387253,
    0.07509346306324005,
    0.07460550218820572,
    0.07428162544965744,
    0.07381214201450348,
    0.0735771432518959,
    0.07315119355916977,
    0.07315969467163086,
    0.07280236482620239,
    0.07150155305862427,
    0.07070352137088776,
    0.07017534971237183,
    0.07026078552007675
  ],
  "val_loss": [
    0.006614244543015957,
    0.006689785979688168,
    0.006403972860425711,
    0.006239091977477074,
    0.006205579731613398,
    0.006029264070093632,
    0.006051529664546251,
    0.006090694572776556,
    0.006114345975220203,
    0.006064754910767078,
    0.006106778979301453,
    0.006153802387416363,
    0.006235768087208271,
    0.0061750891618430614,
    0.006165990140289068,
    0.006238370202481747,
    0.006390686146914959,
    0.006337300408631563
  ],
  "val_mae": [
    0.0822375938296318,
    0.08603088557720184,
    0.08107181638479233,
    0.07911962270736694,
    0.07959386706352234,
    0.07712586224079132,
    0.07719476521015167,
    0.07737293094396591,
    0.0775623619556427,
    0.07638745754957199,
    0.07682088762521744,
    0.07656126469373703,
    0.0784606859087944,
    0.0773283839225769,
    0.07680496573448181,
    0.07674334943294525,
    0.07737290859222412,
    0.0767713263630867
  ],
  "learning_rate": [
    0.0010000000474974513,
    0.0010000000474974513,
    0.0010000000474974513,
    0.0010000000474974513,
    0.0010000000474974513,
    0.0010000000474974513,
    0.0010000000474974513,
    0.0010000000474974513,
    0.0010000000474974513,
    0.0010000000474974513,
    0.0010000000474974513,
    0.0010000000474974513,
    0.0010000000474974513,
    0.0010000000474974513,
    0.0005000000237487257,
    0.0005000000237487257,
    0.0005000000237487257,
    0.0005000000237487257
  ]
}