{
  "AUC": [
    0.5886223912239075,
    0.6950724124908447,
    0.7880523800849915,
    0.8574004173278809,
    0.8944596648216248,
    0.9232965111732483,
    0.9390052556991577,
    0.9561260938644409,
    0.9619475603103638,
    0.965766429901123,
    0.9654656052589417,
    0.9712290167808533
  ],
  "accuracy": [
    0.5648623108863831,
    0.6366400122642517,
    0.7156015038490295,
    0.7766484022140503,
    0.818886399269104,
    0.8468164801597595,
    0.8667879104614258,
    0.8875044584274292,
    0.8953738212585449,
    0.9019613862037659,
    0.9014546275138855,
    0.9094133973121643
  ],
  "loss": [
    0.8736036419868469,
    0.7879257202148438,
    0.6946160793304443,
    0.5899142622947693,
    0.5140299797058105,
    0.441616415977478,
    0.3943488597869873,
    0.3360600769519806,
    0.31251704692840576,
    0.29590365290641785,
    0.29647284746170044,
    0.27107706665992737
  ],
  "val_AUC": [
    0.5082449913024902,
    0.5264266133308411,
    0.5128296613693237,
    0.5098839402198792,
    0.49297893047332764,
    0.5130402445793152,
    0.4777320325374603,
    0.4939133822917938,
    0.5097110867500305,
    0.5138568878173828,
    0.4937783181667328,
    0.5211281180381775
  ],
  "val_accuracy": [
    0.49812212586402893,
    0.5383224487304688,
    0.5013214349746704,
    0.5356795191764832,
    0.5235776901245117,
    0.5263597369194031,
    0.503825306892395,
    0.5308109521865845,
    0.5277507305145264,
    0.5395743250846863,
    0.5324801802635193,
    0.5367923378944397
  ],
  "val_loss": [
    0.6973931193351746,
    0.7044334411621094,
    0.8769267201423645,
    0.9260838627815247,
    1.1239876747131348,
    1.1092373132705688,
    1.3924884796142578,
    1.3285881280899048,
    1.4418668746948242,
    1.4699739217758179,
    1.4899264574050903,
    1.490592122077942
  ],
  "learning_rate": [
    0.0010000000474974513,
    0.0010000000474974513,
    0.0010000000474974513,
    0.0010000000474974513,
    0.0010000000474974513,
    0.0010000000474974513,
    0.0010000000474974513,
    0.0005000000237487257,
    0.0005000000237487257,
    0.0005000000237487257,
    0.0005000000237487257,
    0.0005000000237487257
  ]
}